{"cameraMode":{"drawMode":0,"name":"Shaded","section":"Shading Mode"},"sceneLighting":true,"audioPlay":false,"sceneViewState":{"showFog":true,"showMaterialUpdate":false,"showSkybox":true,"showFlares":true,"showImageEffects":true,"showParticleSystems":true},"in2DMode":false,"pivot":{"x":2.6181118488311769,"y":1.3630917072296143,"z":-1.371987223625183},"rotation":{"x":0.1618272364139557,"y":-0.06507948786020279,"z":0.010695895180106163,"w":0.984612762928009},"size":14.856241226196289,"orthographic":true}