{"cameraMode":{"drawMode":0,"name":"Shaded","section":"Shading Mode"},"sceneLighting":false,"audioPlay":false,"sceneViewState":{"showFog":true,"showMaterialUpdate":false,"showSkybox":false,"showFlares":true,"showImageEffects":true,"showParticleSystems":true},"in2DMode":false,"pivot":{"x":-0.2718999981880188,"y":1.0156199932098389,"z":-0.4302000403404236},"rotation":{"x":0.11565286666154862,"y":-0.11475507915019989,"z":0.01345435157418251,"w":0.9865469336509705},"size":2.3334527015686037,"orthographic":true}