{"cameraMode":{"drawMode":0,"name":"Shaded","section":"Shading Mode"},"sceneLighting":false,"audioPlay":false,"sceneViewState":{"showFog":true,"showMaterialUpdate":false,"showSkybox":false,"showFlares":true,"showImageEffects":true,"showParticleSystems":true},"in2DMode":false,"pivot":{"x":-0.6303048133850098,"y":-0.4611767530441284,"z":11.100000381469727},"rotation":{"x":0.08959344774484635,"y":-0.716130793094635,"z":0.09355122596025467,"w":0.6858410239219666},"size":0.4532390236854553,"orthographic":true}