{"cameraMode":{"drawMode":0,"name":"Shaded","section":"Shading Mode"},"sceneLighting":false,"audioPlay":false,"sceneViewState":{"showFog":true,"showMaterialUpdate":false,"showSkybox":false,"showFlares":true,"showImageEffects":true,"showParticleSystems":true},"in2DMode":false,"pivot":{"x":0.40162351727485659,"y":-0.09829574078321457,"z":1.7577869892120362},"rotation":{"x":0.7342482805252075,"y":-0.019335631281137468,"z":0.020931487902998925,"w":0.6782828569412231},"size":0.6037789583206177,"orthographic":true}