{"cameraMode":{"drawMode":0,"name":"Shaded","section":"Shading Mode"},"sceneLighting":false,"audioPlay":false,"sceneViewState":{"showFog":true,"showMaterialUpdate":false,"showSkybox":false,"showFlares":true,"showImageEffects":true,"showParticleSystems":true},"in2DMode":false,"pivot":{"x":-0.002091348171234131,"y":-0.0060000005178153519,"z":-0.03805118799209595},"rotation":{"x":-0.07496557384729386,"y":0.7318651080131531,"z":-0.0815487876534462,"w":-0.6723864078521729},"size":0.23390698432922364,"orthographic":true}